,num_train_examples,MAE,RMSE
0,100,4.7471430068832,9.204604766385048
1,250,3.681792121359911,15.025647127226037
2,500,3.235431619590335,19.826223332998214
3,1000,2.7357506510619904,4.9253532954676915
4,2500,2.3599930023551745,7.890542875573603
5,5000,2.06520068530356,3.283353792258696
6,10000,1.8606063399426713,3.0575348491011107
