,num_train_examples,MAE,RMSE
0,100,7.331413392036015,11.270538040864933
1,250,5.707432095167474,8.700318328657984
2,500,4.7717911596678695,7.235060390864208
3,1000,4.072339037047479,6.152345248937218
4,2500,3.2165426984643433,4.897231207338484
5,5000,2.747755314025789,4.293640381975744
6,10000,2.3966166863257024,3.8130823079886946
