,num_train_examples,MAE,RMSE
0,100,7.900441114687418,11.846787855634958
1,250,5.683390099798128,11.15271333566174
2,500,4.601053040765385,7.034971914700148
3,1000,3.836928250116537,5.925275728512171
4,2500,3.149895437233563,4.961858814289264
5,5000,2.683315939261682,4.309067204125578
6,10000,2.3520906253806246,3.7688871009416722
