,num_train_examples,MAE,RMSE
0,100,4.764004116377204,7.708780693391248
1,250,3.227349303787451,5.841824929001426
2,500,2.66232924858088,4.300820360125602
3,1000,2.2906086396030223,3.7807168672656837
4,2500,1.921474205322544,3.2095968851784984
5,5000,1.6744681657212135,2.83862149603874
6,10000,1.481844470466524,2.5188122017517816
