,num_train_examples,MAE,RMSE
0,100,6.505691332553287,10.30283033714826
1,250,4.609293917976768,7.160665591172975
2,500,3.7914841279933085,6.115550350427112
3,1000,3.0975734737791814,4.761659972801484
4,2500,2.3692243633115297,3.756220424866195
5,5000,1.9614257693131836,3.162652166836436
6,10000,1.661220923613774,2.896494519118419
