,num_train_examples,MAE,RMSE
0,100,3.8882909207642573,6.191339607254268
1,250,3.176618401983008,5.267389884901924
2,500,2.7363570663377312,4.550206694775024
3,1000,2.3827117941825495,3.92944171852372
4,2500,2.013367278182211,3.501042381547305
5,5000,1.770805402590128,3.1535565858417205
6,10000,1.5078817052142774,2.5784200502307053
