,num_train_examples,MAE,RMSE
0,100,6.442295916206158,9.737971409475332
1,250,4.421561291466485,6.8568190326370235
2,500,3.6236149660125556,5.687567066279033
3,1000,2.980892672916808,4.85040912613266
4,2500,2.3464502582854028,3.8574634161648698
5,5000,1.9511476809255293,3.2346877163780046
6,10000,1.6696471088737268,2.971236758929089
