,num_train_examples,MAE,RMSE
0,100,4.19018768046502,6.303235753728542
1,250,3.657443433004022,11.299728081139135
2,500,3.1557430481993163,5.037205445249787
3,1000,2.8177308758937625,4.888839069351891
4,2500,2.418401704967858,4.491136407794403
5,5000,2.145271696753881,3.4678116236180196
6,10000,1.8759001589045528,2.9844407037202725
