,num_train_examples,MAE,RMSE
0,100,4.09792788152701,7.301906308573689
1,250,3.6423472811935635,10.620856154266887
2,500,2.74796151538476,4.5682436400903335
3,1000,2.341543305121988,3.9502054396839843
4,2500,1.9691534958497798,3.4331707489059236
5,5000,1.7703645126405023,3.0459846692319936
6,10000,1.5159264467614,2.616937329836843
