,num_train_examples,MAE,RMSE
0,100,4.822726784883276,23.530336227635388
1,250,3.8740667950129692,7.858093642081994
2,500,3.5093548937821883,43.40672263307822
3,1000,3.1742480311542796,5.648110806287506
4,2500,2.420789302712304,6.319262034237578
5,5000,2.110811509204541,3.4309454326141604
6,10000,1.887634749120334,3.0335692511976577
