,num_train_examples,MAE,RMSE
0,100,7.3619347240987185,11.582786623577737
1,250,5.716979237264577,9.060306266808283
2,500,4.514398506458403,7.303503816787416
3,1000,3.8957644588173377,6.2564437697863315
4,2500,3.1219271803372055,5.0843375772313095
5,5000,2.715901615490019,4.406081602974582
6,10000,2.3822280880882296,3.8680479082846735
