,num_train_examples,MAE,RMSE
0,100,5.826004919504905,9.0238563162983
1,250,4.655719430012029,7.568204434905329
2,500,3.7739773368106464,6.407856957752473
3,1000,3.0153198357430173,4.994623564865101
4,2500,2.406899830628548,4.148842890923834
5,5000,2.018939613142363,3.528090720416893
6,10000,1.7336225842750275,3.1854356199199727
